{
  "overview": {
    "best_overall_mechanism": "Baseline",
    "best_overall_score": 1.0,
    "most_stable_mechanism": "Time-Based",
    "stability_score": 0.9999999999999999,
    "least_degradation_mechanism": "Time-Based",
    "degradation_score": 0.0
  },
  "mechanisms": [
    {
      "name": "Baseline",
      "type": "Baseline",
      "metrics": {
        "hit_rate@5": 0.12,
        "precision@5": 0.028000000000000004,
        "recall@5": 0.003110697366019861,
        "ndcg@5": 0.025597815416910637,
        "hit_rate@10": 0.16,
        "precision@10": 0.032,
        "recall@10": 0.011638958643881394,
        "ndcg@10": 0.03041041732061569,
        "hit_rate@20": 0.16,
        "precision@20": 0.032,
        "recall@20": 0.011638958643881394,
        "ndcg@20": 0.02058802277226586,
        "mrr": 0.05333333333333333,
        "serendipity": 0.1890138925815266,
        "novelty": 0.6315893541193004,
        "diversity": 0.6278846450873989
      }
    },
    {
      "name": "Ebbinghaus",
      "type": "Decay-Based",
      "metrics": {
        "hit_rate@5": 0.12,
        "precision@5": 0.028000000000000004,
        "recall@5": 0.003110697366019861,
        "ndcg@5": 0.025597815416910637,
        "hit_rate@10": 0.16,
        "precision@10": 0.032,
        "recall@10": 0.011638958643881394,
        "ndcg@10": 0.03041041732061569,
        "hit_rate@20": 0.16,
        "precision@20": 0.032,
        "recall@20": 0.011638958643881394,
        "ndcg@20": 0.02058802277226586,
        "mrr": 0.05333333333333333,
        "serendipity": 0.1890138925815266,
        "novelty": 0.6315893541193004,
        "diversity": 0.6278846450873989
      }
    },
    {
      "name": "Hybrid-Decay",
      "type": "Hybrid",
      "metrics": {
        "hit_rate@5": 0.12,
        "precision@5": 0.028000000000000004,
        "recall@5": 0.003110697366019861,
        "ndcg@5": 0.025597815416910637,
        "hit_rate@10": 0.16,
        "precision@10": 0.032,
        "recall@10": 0.011638958643881394,
        "ndcg@10": 0.03041041732061569,
        "hit_rate@20": 0.16,
        "precision@20": 0.032,
        "recall@20": 0.011638958643881394,
        "ndcg@20": 0.02058802277226586,
        "mrr": 0.05333333333333333,
        "serendipity": 0.1890138925815266,
        "novelty": 0.6315893541193004,
        "diversity": 0.6278846450873989
      }
    },
    {
      "name": "Personalized",
      "type": "Personalized",
      "metrics": {
        "hit_rate@5": 0.12,
        "precision@5": 0.028000000000000004,
        "recall@5": 0.003110697366019861,
        "ndcg@5": 0.025597815416910637,
        "hit_rate@10": 0.16,
        "precision@10": 0.032,
        "recall@10": 0.011638958643881394,
        "ndcg@10": 0.03041041732061569,
        "hit_rate@20": 0.16,
        "precision@20": 0.032,
        "recall@20": 0.011638958643881394,
        "ndcg@20": 0.02058802277226586,
        "mrr": 0.05333333333333333,
        "serendipity": 0.1890138925815266,
        "novelty": 0.6315893541193004,
        "diversity": 0.6278846450873989
      }
    },
    {
      "name": "Power-Law",
      "type": "Decay-Based",
      "metrics": {
        "hit_rate@5": 0.12,
        "precision@5": 0.028000000000000004,
        "recall@5": 0.003110697366019861,
        "ndcg@5": 0.025597815416910637,
        "hit_rate@10": 0.16,
        "precision@10": 0.032,
        "recall@10": 0.011638958643881394,
        "ndcg@10": 0.03041041732061569,
        "hit_rate@20": 0.16,
        "precision@20": 0.032,
        "recall@20": 0.011638958643881394,
        "ndcg@20": 0.02058802277226586,
        "mrr": 0.05333333333333333,
        "serendipity": 0.1890138925815266,
        "novelty": 0.6315893541193004,
        "diversity": 0.6278846450873989
      }
    },
    {
      "name": "Time-Based",
      "type": "Decay-Based",
      "metrics": {
        "hit_rate@5": 0.12,
        "precision@5": 0.028000000000000004,
        "recall@5": 0.003110697366019861,
        "ndcg@5": 0.025597815416910637,
        "hit_rate@10": 0.16,
        "precision@10": 0.032,
        "recall@10": 0.011638958643881394,
        "ndcg@10": 0.03041041732061569,
        "hit_rate@20": 0.16,
        "precision@20": 0.032,
        "recall@20": 0.011638958643881394,
        "ndcg@20": 0.02058802277226586,
        "mrr": 0.05333333333333333,
        "serendipity": 0.1890138925815266,
        "novelty": 0.6315893541193004,
        "diversity": 0.6278846450873989
      }
    },
    {
      "name": "Usage-Based",
      "type": "Usage-Based",
      "metrics": {
        "hit_rate@5": 0.12,
        "precision@5": 0.028000000000000004,
        "recall@5": 0.003110697366019861,
        "ndcg@5": 0.025597815416910637,
        "hit_rate@10": 0.16,
        "precision@10": 0.032,
        "recall@10": 0.011638958643881394,
        "ndcg@10": 0.03041041732061569,
        "hit_rate@20": 0.16,
        "precision@20": 0.032,
        "recall@20": 0.011638958643881394,
        "ndcg@20": 0.02058802277226586,
        "mrr": 0.05333333333333333,
        "serendipity": 0.1890138925815266,
        "novelty": 0.6315893541193004,
        "diversity": 0.6278846450873989
      }
    }
  ],
  "recommendations": [
    "Best overall forgetting mechanism: Baseline with balanced performance across all metrics.",
    "Most temporally stable mechanism: Time-Based with consistent performance over time."
  ],
  "insights": [
    "The Time-Based mechanism showed the least performance degradation over time, making it suitable for long-term user modeling.",
    "For users in the 'High Activity' segment, the Baseline mechanism performs best.",
    "For users in the 'Low Activity' segment, the Baseline mechanism performs best.",
    "For users in the 'Diverse Taste' segment, the Baseline mechanism performs best.",
    "For users in the 'Focused Taste' segment, the Baseline mechanism performs best."
  ]
}