{
    "configuration": {
        "data_path": "./ml-100k",
        "output_dir": "./results",
        "num_users": 50,
        "temporal_split": false,
        "test_days": 30,
        "seed": 42
    },
    "experiments": {
        "privacy_impact": {
            "completed": true,
            "duration": 155.11123514175415
        },
        "scalability_test": {
            "completed": true,
            "duration": 453.16533637046814
        },
        "user_segmentation": {
            "completed": true,
            "duration": 276.04323720932007
        }
    }
}