{
    "configuration": {
        "data_path": "./ml-100k",
        "output_dir": "./results",
        "num_users": 50,
        "temporal_split": false,
        "test_days": 30,
        "seed": 42
    },
    "experiments": {
        "baseline_comparison": {
            "completed": true,
            "duration": 462.3442802429199
        },
        "temporal_evaluation": {
            "completed": true,
            "duration": 37.09700059890747
        },
        "parameter_sensitivity": {
            "completed": true,
            "duration": 277.7583212852478
        },
        "privacy_impact": {
            "completed": true,
            "duration": 92.64779281616211
        },
        "scalability_test": {
            "completed": true,
            "duration": 503.0802011489868
        },
        "user_segmentation": {
            "completed": true,
            "duration": 259.5309681892395
        }
    }
}